-- phpMyAdmin SQL Dump
-- version 5.2.1
-- https://www.phpmyadmin.net/
--
-- Servidor: 127.0.0.1
-- Tiempo de generación: 19-05-2026 a las 13:13:20
-- Versión del servidor: 10.4.32-MariaDB
-- Versión de PHP: 8.2.12

SET SQL_MODE = "NO_AUTO_VALUE_ON_ZERO";
START TRANSACTION;
SET time_zone = "+00:00";


/*!40101 SET @OLD_CHARACTER_SET_CLIENT=@@CHARACTER_SET_CLIENT */;
/*!40101 SET @OLD_CHARACTER_SET_RESULTS=@@CHARACTER_SET_RESULTS */;
/*!40101 SET @OLD_COLLATION_CONNECTION=@@COLLATION_CONNECTION */;
/*!40101 SET NAMES utf8mb4 */;

--
-- Base de datos: `taller_mecanico`
--

-- --------------------------------------------------------

--
-- Estructura de tabla para la tabla `ausencia`
--

CREATE TABLE `ausencia` (
  `id` int(11) NOT NULL,
  `id_mecanico` int(11) NOT NULL,
  `fecha_inicio` date NOT NULL,
  `fecha_fin` date NOT NULL,
  `tipo` enum('VACACIONES','DIA_LIBRE','BAJA','OTRO') NOT NULL,
  `motivo` text DEFAULT NULL,
  `aprobada` tinyint(1) DEFAULT NULL COMMENT 'NULL = pendiente, TRUE = aprobada, FALSE = rechazada'
) ENGINE=InnoDB DEFAULT CHARSET=utf8mb4 COLLATE=utf8mb4_general_ci;

--
-- Volcado de datos para la tabla `ausencia`
--

INSERT INTO `ausencia` (`id`, `id_mecanico`, `fecha_inicio`, `fecha_fin`, `tipo`, `motivo`, `aprobada`) VALUES
(8, 1, '2026-06-01', '2026-06-07', 'VACACIONES', 'Vacaciones de verano.', 1),
(9, 1, '2026-03-19', '2026-03-19', 'DIA_LIBRE', 'Cita médica.', 1),
(10, 2, '2026-05-23', '2026-05-23', 'DIA_LIBRE', 'Gestiones personales urgentes.', NULL),
(11, 3, '2026-05-20', '2026-05-22', 'DIA_LIBRE', 'Asuntos personales.', 0);

-- --------------------------------------------------------

--
-- Estructura de tabla para la tabla `cliente`
--

CREATE TABLE `cliente` (
  `id` int(11) NOT NULL,
  `id_usuario` int(11) NOT NULL,
  `direccion` varchar(255) DEFAULT NULL,
  `nif` varchar(20) DEFAULT NULL,
  `fecha_nacimiento` date DEFAULT NULL,
  `preferencias_contacto` enum('EMAIL','TELEFONO','APP') DEFAULT 'APP'
) ENGINE=InnoDB DEFAULT CHARSET=utf8mb4 COLLATE=utf8mb4_general_ci;

--
-- Volcado de datos para la tabla `cliente`
--

INSERT INTO `cliente` (`id`, `id_usuario`, `direccion`, `nif`, `fecha_nacimiento`, `preferencias_contacto`) VALUES
(1, 15, NULL, '12345678A', NULL, 'APP'),
(2, 16, NULL, '23456789B', NULL, 'APP'),
(3, 17, NULL, '34567890C', NULL, 'APP'),
(4, 18, NULL, '45678901D', NULL, 'APP');

-- --------------------------------------------------------

--
-- Estructura de tabla para la tabla `estacionamiento`
--

CREATE TABLE `estacionamiento` (
  `id` int(11) NOT NULL,
  `id_plaza` int(11) NOT NULL,
  `id_orden_trabajo` int(11) NOT NULL,
  `id_vehiculo` int(11) NOT NULL,
  `id_cliente` int(11) NOT NULL,
  `id_mecanico` int(11) NOT NULL,
  `fecha_entrada` datetime NOT NULL DEFAULT current_timestamp(),
  `fecha_salida` datetime DEFAULT NULL,
  `activo` tinyint(1) NOT NULL DEFAULT 1
) ENGINE=InnoDB DEFAULT CHARSET=utf8mb4 COLLATE=utf8mb4_general_ci;

-- --------------------------------------------------------

--
-- Estructura de tabla para la tabla `historial_estado`
--

CREATE TABLE `historial_estado` (
  `id` int(11) NOT NULL,
  `id_orden` int(11) NOT NULL,
  `id_usuario` int(11) NOT NULL,
  `estado_anterior` varchar(50) DEFAULT NULL,
  `estado_nuevo` varchar(50) NOT NULL,
  `fecha_cambio` datetime NOT NULL DEFAULT current_timestamp(),
  `observacion` text DEFAULT NULL
) ENGINE=InnoDB DEFAULT CHARSET=utf8mb4 COLLATE=utf8mb4_general_ci;

--
-- Volcado de datos para la tabla `historial_estado`
--

INSERT INTO `historial_estado` (`id`, `id_orden`, `id_usuario`, `estado_anterior`, `estado_nuevo`, `fecha_cambio`, `observacion`) VALUES
(26, 1, 36, NULL, 'PENDIENTE', '2026-05-10 09:15:00', 'Orden creada por el administrador.'),
(27, 1, 12, 'PENDIENTE', 'EN_PROCESO', '2026-05-10 10:30:00', 'Comenzada revisión del motor. Se detectan posibles problemas en la distribución.'),
(28, 2, 36, NULL, 'PENDIENTE', '2026-05-12 10:30:00', 'Orden creada.'),
(29, 2, 13, 'PENDIENTE', 'EN_PROCESO', '2026-05-13 09:00:00', 'Revisión eléctrica iniciada.'),
(30, 2, 13, 'EN_PROCESO', 'DIAGNOSTICADO', '2026-05-14 14:00:00', 'Batería y alternador defectuosos confirmados.'),
(31, 2, 13, NULL, 'DIAGNOSTICO', '2026-05-14 14:05:00', 'Batería al 30% de capacidad. Alternador con fallo en regulación de carga. Presupuesto: 312€.'),
(32, 2, 13, 'DIAGNOSTICADO', 'REPARADO', '2026-05-15 17:00:00', 'Batería y alternador sustituidos. Sistema eléctrico verificado.'),
(33, 2, 13, 'REPARADO', 'LISTO', '2026-05-16 09:00:00', 'Vehículo listo para recoger. Cliente avisado.'),
(34, 3, 36, NULL, 'PENDIENTE', '2026-05-13 11:00:00', 'Orden creada.'),
(35, 3, 12, 'PENDIENTE', 'EN_PROCESO', '2026-05-13 12:00:00', 'Revisión del sistema de frenos iniciada.'),
(36, 3, 12, 'EN_PROCESO', 'DIAGNOSTICADO', '2026-05-14 10:00:00', 'Pastillas desgastadas confirmadas.'),
(37, 3, 12, NULL, 'DIAGNOSTICO', '2026-05-14 10:05:00', 'Pastillas delanteras y traseras desgastadas. Discos en buen estado. Líquido de frenos a renovar. Coste estimado: 195€.'),
(38, 4, 36, NULL, 'PENDIENTE', '2026-05-16 08:45:00', 'Revisión periódica de los 60.000 km programada.'),
(39, 5, 36, NULL, 'PENDIENTE', '2026-05-05 10:00:00', 'Orden creada.'),
(40, 5, 14, 'PENDIENTE', 'EN_PROCESO', '2026-05-05 11:00:00', 'Valoración de daños iniciada.'),
(41, 5, 14, 'EN_PROCESO', 'DIAGNOSTICADO', '2026-05-06 09:00:00', 'Daños valorados. Presupuesto enviado al cliente.'),
(42, 5, 14, NULL, 'DIAGNOSTICO', '2026-05-06 09:05:00', 'Abolladura 25cm en puerta trasera derecha. Desabollado + imprimación + pintura. Presupuesto: 445€.'),
(43, 5, 14, 'DIAGNOSTICADO', 'REPARADO', '2026-05-08 16:00:00', 'Reparación completada correctamente.'),
(44, 5, 14, 'REPARADO', 'LISTO', '2026-05-09 09:00:00', 'Vehículo listo para recoger.'),
(45, 5, 36, 'LISTO', 'ENTREGADO', '2026-05-10 12:00:00', 'Vehículo entregado al cliente. Pago realizado en efectivo.'),
(46, 6, 36, NULL, 'PENDIENTE', '2026-05-17 09:00:00', 'Orden creada.'),
(47, 6, 12, 'PENDIENTE', 'EN_PROCESO', '2026-05-17 10:00:00', 'Revisión de suspensión iniciada.'),
(48, 6, 12, 'EN_PROCESO', 'DIAGNOSTICADO', '2026-05-18 11:00:00', 'Rótulas delanteras desgastadas confirmadas.'),
(49, 6, 12, NULL, 'DIAGNOSTICO', '2026-05-18 11:05:00', 'Rótulas delanteras desgastadas. Amortiguadores en buen estado. Coste: 235€.'),
(50, 6, 12, 'DIAGNOSTICADO', 'REPARADO', '2026-05-19 15:00:00', 'Rótulas sustituidas. Suspensión verificada correctamente.');

-- --------------------------------------------------------

--
-- Estructura de tabla para la tabla `horario`
--

CREATE TABLE `horario` (
  `id` int(11) NOT NULL,
  `id_mecanico` int(11) NOT NULL,
  `dia_semana` enum('LUNES','MARTES','MIERCOLES','JUEVES','VIERNES','SABADO','DOMINGO') NOT NULL,
  `hora_entrada` time NOT NULL,
  `hora_salida` time NOT NULL
) ENGINE=InnoDB DEFAULT CHARSET=utf8mb4 COLLATE=utf8mb4_general_ci;

--
-- Volcado de datos para la tabla `horario`
--

INSERT INTO `horario` (`id`, `id_mecanico`, `dia_semana`, `hora_entrada`, `hora_salida`) VALUES
(15, 1, 'LUNES', '08:00:00', '16:00:00'),
(16, 1, 'MARTES', '08:00:00', '16:00:00'),
(17, 1, 'MIERCOLES', '08:00:00', '16:00:00'),
(18, 1, 'JUEVES', '08:00:00', '16:00:00'),
(19, 1, 'VIERNES', '08:00:00', '14:00:00'),
(20, 2, 'LUNES', '14:00:00', '22:00:00'),
(21, 2, 'MARTES', '14:00:00', '22:00:00'),
(22, 2, 'MIERCOLES', '14:00:00', '22:00:00'),
(23, 2, 'JUEVES', '14:00:00', '22:00:00'),
(24, 2, 'VIERNES', '14:00:00', '20:00:00'),
(25, 3, 'LUNES', '08:00:00', '16:00:00'),
(26, 3, 'MARTES', '08:00:00', '16:00:00'),
(27, 3, 'MIERCOLES', '08:00:00', '16:00:00'),
(28, 3, 'JUEVES', '08:00:00', '16:00:00'),
(29, 3, 'VIERNES', '08:00:00', '16:00:00'),
(30, 3, 'SABADO', '09:00:00', '14:00:00');

-- --------------------------------------------------------

--
-- Estructura de tabla para la tabla `mecanico`
--

CREATE TABLE `mecanico` (
  `id` int(11) NOT NULL,
  `id_usuario` int(11) NOT NULL,
  `especialidad` varchar(100) DEFAULT NULL,
  `turno` enum('MANANA','TARDE','NOCHE') DEFAULT NULL,
  `anos_experiencia` int(11) DEFAULT 0,
  `num_empleado` varchar(20) NOT NULL
) ENGINE=InnoDB DEFAULT CHARSET=utf8mb4 COLLATE=utf8mb4_general_ci;

--
-- Volcado de datos para la tabla `mecanico`
--

INSERT INTO `mecanico` (`id`, `id_usuario`, `especialidad`, `turno`, `anos_experiencia`, `num_empleado`) VALUES
(1, 12, 'Motor y transmisión', 'MANANA', 0, 'EMP001'),
(2, 13, 'Electricidad y electrónica', 'TARDE', 0, 'EMP002'),
(3, 14, 'Chapa y pintura', 'MANANA', 0, 'EMP003');

-- --------------------------------------------------------

--
-- Estructura de tabla para la tabla `notificacion`
--

CREATE TABLE `notificacion` (
  `id` int(11) NOT NULL,
  `id_usuario` int(11) NOT NULL,
  `id_orden` int(11) DEFAULT NULL,
  `titulo` varchar(100) NOT NULL,
  `mensaje` text NOT NULL,
  `leida` tinyint(1) NOT NULL DEFAULT 0,
  `fecha` datetime NOT NULL DEFAULT current_timestamp(),
  `tipo` enum('ESTADO','CHAT','AUSENCIA','GENERAL') NOT NULL DEFAULT 'GENERAL'
) ENGINE=InnoDB DEFAULT CHARSET=utf8mb4 COLLATE=utf8mb4_general_ci;

--
-- Volcado de datos para la tabla `notificacion`
--

INSERT INTO `notificacion` (`id`, `id_usuario`, `id_orden`, `titulo`, `mensaje`, `leida`, `fecha`, `tipo`) VALUES
(1, 36, NULL, 'Nueva solicitud de ausencia', 'Carlos García ha solicitado VACACIONES del 01/06/2026 al 07/06/2026.', 1, '2026-05-08 09:00:00', 'AUSENCIA'),
(2, 36, NULL, 'Nueva solicitud de ausencia', 'Ana Fernández ha solicitado un DÍA LIBRE el 20/05/2026.', 0, '2026-05-16 17:00:00', 'AUSENCIA'),
(3, 12, 1, 'Nueva orden asignada', 'Se te ha asignado la orden #1. Vehículo: Toyota Corolla (1234ABC). Ruido en motor.', 1, '2026-05-10 09:15:00', 'GENERAL'),
(4, 12, 3, 'Nueva orden asignada', 'Se te ha asignado la orden #3. Vehículo: SEAT Ibiza (9012GHI). Chirrido al frenar.', 1, '2026-05-13 11:00:00', 'GENERAL'),
(5, 12, 6, 'Nueva orden asignada', 'Se te ha asignado la orden #6. Vehículo: Renault Clio (2345PQR). Ruido en suspensión.', 1, '2026-05-17 09:00:00', 'GENERAL'),
(6, 12, NULL, 'Ausencia aprobada', 'Tu solicitud de VACACIONES del 01/06/2026 al 07/06/2026 ha sido APROBADA.', 1, '2026-05-10 10:00:00', 'AUSENCIA'),
(7, 13, 2, 'Nueva orden asignada', 'Se te ha asignado la orden #2. Vehículo: Ford Focus (5678DEF). No arranca.', 1, '2026-05-12 10:30:00', 'GENERAL'),
(8, 13, 4, 'Nueva orden asignada', 'Se te ha asignado la orden #4. Vehículo: VW Golf (3456JKL). Revisión 60.000 km.', 0, '2026-05-16 08:45:00', 'GENERAL'),
(9, 14, 5, 'Nueva orden asignada', 'Se te ha asignado la orden #5. Vehículo: BMW Serie 3 (7890MNO). Golpe en puerta.', 1, '2026-05-05 10:00:00', 'GENERAL'),
(10, 14, NULL, 'Ausencia rechazada', 'Tu solicitud de DÍA LIBRE del 20/05/2026 ha sido RECHAZADA. Alta carga de trabajo.', 0, '2026-05-17 11:00:00', 'AUSENCIA'),
(11, 15, 1, 'Tu vehículo ha entrado al taller', 'Tu Toyota Corolla (1234ABC) ha sido registrado. Te informaremos de cualquier novedad.', 1, '2026-05-10 09:15:00', 'GENERAL'),
(12, 15, 1, 'Actualización de tu vehículo', 'Toyota Corolla (1234ABC) — Estado: EN PROCESO. El mecánico ha comenzado la revisión.', 1, '2026-05-10 10:30:00', 'ESTADO'),
(13, 15, 2, 'Tu vehículo ha entrado al taller', 'Tu Ford Focus (5678DEF) ha sido registrado en el taller.', 1, '2026-05-12 10:30:00', 'GENERAL'),
(14, 15, 2, 'Diagnóstico disponible', 'Ford Focus (5678DEF) — Diagnóstico: Batería y alternador defectuosos. Coste estimado: 312€.', 1, '2026-05-14 14:05:00', 'ESTADO'),
(15, 15, 2, 'Tu vehículo está listo', 'Ford Focus (5678DEF) — Estado: LISTO PARA RECOGER. Puedes pasar a buscarlo.', 0, '2026-05-16 09:00:00', 'ESTADO'),
(16, 16, 3, 'Tu vehículo ha entrado al taller', 'Tu SEAT Ibiza (9012GHI) ha sido registrado en el taller.', 1, '2026-05-13 11:00:00', 'GENERAL'),
(17, 16, 3, 'Diagnóstico disponible', 'SEAT Ibiza (9012GHI) — Diagnóstico: Pastillas desgastadas. Discos OK. Coste estimado: 195€.', 0, '2026-05-14 10:05:00', 'ESTADO'),
(18, 16, 4, 'Tu vehículo ha entrado al taller', 'Tu Volkswagen Golf (3456JKL) ha sido registrado para la revisión de los 60.000 km.', 0, '2026-05-16 08:45:00', 'GENERAL'),
(19, 17, 5, 'Tu vehículo ha entrado al taller', 'Tu BMW Serie 3 (7890MNO) ha sido registrado en el taller.', 1, '2026-05-05 10:00:00', 'GENERAL'),
(20, 17, 5, 'Diagnóstico disponible', 'BMW Serie 3 (7890MNO) — Diagnóstico: Abolladura puerta trasera. Presupuesto: 445€.', 1, '2026-05-06 09:05:00', 'ESTADO'),
(21, 17, 5, 'Tu vehículo está listo', 'BMW Serie 3 (7890MNO) — Estado: LISTO PARA RECOGER.', 1, '2026-05-09 09:00:00', 'ESTADO'),
(22, 18, 6, 'Tu vehículo ha entrado al taller', 'Tu Renault Clio (2345PQR) ha sido registrado en el taller.', 1, '2026-05-17 09:00:00', 'GENERAL'),
(23, 18, 6, 'Diagnóstico disponible', 'Renault Clio (2345PQR) — Diagnóstico: Rótulas desgastadas. Coste estimado: 235€.', 1, '2026-05-18 11:05:00', 'ESTADO'),
(24, 18, 6, 'Actualización de tu vehículo', 'Renault Clio (2345PQR) — Estado: REPARADO. Revisión final en curso.', 0, '2026-05-19 15:00:00', 'ESTADO');

-- --------------------------------------------------------

--
-- Estructura de tabla para la tabla `orden_trabajo`
--

CREATE TABLE `orden_trabajo` (
  `id` int(11) NOT NULL,
  `id_vehiculo` int(11) NOT NULL,
  `id_mecanico` int(11) NOT NULL,
  `fecha_entrada` datetime NOT NULL DEFAULT current_timestamp(),
  `fecha_salida_estimada` datetime DEFAULT NULL,
  `fecha_salida_real` datetime DEFAULT NULL,
  `estado` enum('PENDIENTE','EN_PROCESO','DIAGNOSTICADO','REPARADO','LISTO','ENTREGADO') NOT NULL DEFAULT 'PENDIENTE',
  `descripcion_problema` text DEFAULT NULL,
  `diagnostico` text DEFAULT NULL,
  `precio_estimado` decimal(10,2) DEFAULT NULL,
  `precio_final` decimal(10,2) DEFAULT NULL,
  `notas_internas` text DEFAULT NULL
) ENGINE=InnoDB DEFAULT CHARSET=utf8mb4 COLLATE=utf8mb4_general_ci;

--
-- Volcado de datos para la tabla `orden_trabajo`
--

INSERT INTO `orden_trabajo` (`id`, `id_vehiculo`, `id_mecanico`, `fecha_entrada`, `fecha_salida_estimada`, `fecha_salida_real`, `estado`, `descripcion_problema`, `diagnostico`, `precio_estimado`, `precio_final`, `notas_internas`) VALUES
(1, 1, 1, '2026-05-10 09:15:00', NULL, NULL, 'EN_PROCESO', 'Ruido metálico en el motor al arrancar en frío y pérdida de potencia en aceleración.', NULL, 350.00, NULL, NULL),
(2, 2, 2, '2026-05-12 10:30:00', NULL, NULL, 'LISTO', 'El vehículo no arranca de forma intermitente. Varios intentos necesarios con la llave.', 'Batería al 30% de capacidad y alternador con fallo en regulación de carga. Batería y alternador sustituidos.', 280.00, 312.00, NULL),
(3, 3, 1, '2026-05-13 11:00:00', NULL, NULL, 'DIAGNOSTICADO', 'Chirrido al frenar tanto en ciudad como en carretera desde hace varias semanas.', 'Pastillas delanteras y traseras desgastadas. Discos en buen estado. Líquido de frenos a renovar.', 195.00, NULL, NULL),
(4, 4, 3, '2026-05-16 08:45:00', NULL, NULL, 'PENDIENTE', 'Revisión periódica de los 60.000 km. Cambio de aceite, filtros y revisión general.', NULL, 180.00, NULL, NULL),
(5, 5, 2, '2026-05-05 10:00:00', NULL, NULL, 'ENTREGADO', 'Golpe en puerta trasera derecha tras accidente de aparcamiento. Pintura dañada y abolladura visible.', 'Abolladura de 25cm en puerta trasera derecha. Desabollado, imprimación y pintura en cabina realizados.', 420.00, 445.00, NULL),
(6, 6, 1, '2026-05-17 09:00:00', NULL, NULL, 'REPARADO', 'Ruido en suspensión delantera al pasar por baches y en curvas a baja velocidad.', 'Rótulas delanteras desgastadas. Sustitución completada. Amortiguadores en buen estado.', 220.00, 235.00, NULL);

-- --------------------------------------------------------

--
-- Estructura de tabla para la tabla `plaza`
--

CREATE TABLE `plaza` (
  `id` int(11) NOT NULL,
  `numero` varchar(10) NOT NULL,
  `descripcion` varchar(255) DEFAULT NULL,
  `estado` enum('LIBRE','OCUPADA','RESERVADA','MANTENIMIENTO') NOT NULL DEFAULT 'LIBRE'
) ENGINE=InnoDB DEFAULT CHARSET=utf8mb4 COLLATE=utf8mb4_general_ci;

--
-- Volcado de datos para la tabla `plaza`
--

INSERT INTO `plaza` (`id`, `numero`, `descripcion`, `estado`) VALUES
(7, 'A1', 'Plaza recepción — entrada principal', 'OCUPADA'),
(8, 'A2', 'Plaza recepción', 'OCUPADA'),
(9, 'A3', 'Plaza recepción', 'LIBRE'),
(10, 'B1', 'Plaza taller interior — foso 1', 'OCUPADA'),
(11, 'B2', 'Plaza taller interior — foso 2', 'OCUPADA'),
(12, 'B3', 'Plaza taller interior — elevador', 'OCUPADA'),
(13, 'C1', 'Plaza exterior — clientes espera', 'RESERVADA'),
(14, 'C2', 'Plaza exterior', 'MANTENIMIENTO');

-- --------------------------------------------------------

--
-- Estructura de tabla para la tabla `servicio`
--

CREATE TABLE `servicio` (
  `id` int(11) NOT NULL,
  `id_orden` int(11) NOT NULL,
  `descripcion` varchar(255) NOT NULL,
  `precio` decimal(10,2) NOT NULL DEFAULT 0.00,
  `tiempo_estimado` int(11) DEFAULT NULL COMMENT 'Tiempo en minutos'
) ENGINE=InnoDB DEFAULT CHARSET=utf8mb4 COLLATE=utf8mb4_general_ci;

-- --------------------------------------------------------

--
-- Estructura de tabla para la tabla `usuario`
--

CREATE TABLE `usuario` (
  `id` int(11) NOT NULL,
  `nombre` varchar(100) NOT NULL,
  `apellidos` varchar(150) NOT NULL,
  `email` varchar(150) NOT NULL,
  `password` varchar(255) NOT NULL,
  `telefono` varchar(15) DEFAULT NULL,
  `foto_perfil` longtext DEFAULT NULL,
  `activo` tinyint(1) NOT NULL DEFAULT 1,
  `fecha_registro` datetime NOT NULL DEFAULT current_timestamp(),
  `fcm_token` varchar(255) DEFAULT NULL,
  `rol` enum('ADMIN','MECANICO','CLIENTE') NOT NULL
) ENGINE=InnoDB DEFAULT CHARSET=utf8mb4 COLLATE=utf8mb4_general_ci;

--
-- Volcado de datos para la tabla `usuario`
--

INSERT INTO `usuario` (`id`, `nombre`, `apellidos`, `email`, `password`, `telefono`, `foto_perfil`, `activo`, `fecha_registro`, `fcm_token`, `rol`) VALUES
(12, 'Carlos', 'García López', 'carlos@taller.com', '$2a$10$Lw95TZTZI0Ed06YOKsZsA.pI1yqGXIzUHYzpi2RotZylcNrD8mW/q', '611111111', 'data:image/jpeg;base64,/9j/4AAQSkZJRgABAQAAAQABAAD/4gHYSUNDX1BST0ZJTEUAAQEAAAHIAAAAAAQwAABtbnRyUkdCIFhZWiAH4AABAAEAAAAAAABhY3NwAAAAAAAAAAAAAAAAAAAAAAAAAAAAAAAAAAAAAQAA9tYAAQAAAADTLQAAAAAAAAAAAAAAAAAAAAAAAAAAAAAAAAAAAAAAAAAAAAAAAAAAAAAAAAAAAAAAAAAAAAlkZXNjAAAA8AAAACRyWFlaAAABFAAAABRnWFlaAAABKAAAABRiWFlaAAABPAAAABR3dHB0AAABUAAAABRyVFJDAAABZAAAAChnVFJDAAABZAAAAChiVFJDAAABZAAAAChjcHJ0AAABjAAAADxtbHVjAAAAAAAAAAEAAAAMZW5VUwAAAAgAAAAcAHMAUgBHAEJYWVogAAAAAAAAb6IAADj1AAADkFhZWiAAAAAAAABimQAAt4UAABjaWFlaIAAAAAAAACSgAAAPhAAAts9YWVogAAAAAAAA9tYAAQAAAADTLXBhcmEAAAAAAAQAAAACZmYAAPKnAAANWQAAE9AAAApbAAAAAAAAAABtbHVjAAAAAAAAAAEAAAAMZW5VUwAAACAAAAAcAEcAbwBvAGcAbABlACAASQBuAGMALgAgADIAMAAxADb/2wBDABALDA4MChAODQ4SERATGCgaGBYWGDEjJR0oOjM9PDkzODdASFxOQERXRTc4UG1RV19iZ2hnPk1xeXBkeFxlZ2P/2wBDARESEhgVGC8aGi9jQjhCY2NjY2NjY2NjY2NjY2NjY2NjY2NjY2NjY2NjY2NjY2NjY2NjY2NjY2NjY2NjY2NjY2P/wAARCAWgBaADASIAAhEBAxEB/8QAGwABAAMBAQEBAAAAAAAAAAAAAAQFBgMBBwL/xAAsEAEAAAMGBQQDAQEBAAAAAAAAAQMVAhRjkaLhBFFSU9ExQVSSERITYQUz/8QAGQEBAAMBAQAAAAAAAAAAAAAAAAEEBQMC/8QAHxEBAAIDAQEBAQEBAAAAAAAAAAESAhFRExQxA0Fh/9oADAMBAAIRAxEAPwDaAKTkAAAAAAAAAAAAAAAAAAAAAAAAAAAAAAAAAAAAAAAAAAAAAAAAAAAAAAAAAAAAAAAAAAAAAEjn7h7ii8gAgAAAAAAAAAAAAAAAAAAAAAAAAAAAAAAAAAAAAAAAAAAAAAAAAAAAAAAAAAAAAAAAAAAAAAAAAAAAAAAAAAAAAAAAAAAAAAAAAAAAAAAAB0AXnsAAAAAAAAAAAAAAAAAAAAAAAAAAAAAAAAAAAAAAAAAAAAAAAAAAAAAAAAAAAAAAAAAAAAAJHP3AUXkAEAAAAAAAAAAAAAAAAAAAAAAAAAAAAAAAAAAAAAAAAAAAAAAAAAAAAAAAAAAAAAAAAAAAAAAAAAAAAAAAAAAAAAAAAAAAAAAAAAAAAAAAAOgC89gAAAAAAAAAAAAAAAAAAAAAAAAAAAAAAAAAAAAAAAAAAAAAAAAAAAAAAAAAAAAAAAAAAAAAKmq4GrYquBq2Vwobc9rGq4GrYquBq2VwjZtY1XA1bFVwNWyuDZtY1XA1bFVwNWyuDZtY1XA1bFVwNWyuDZtY1XA1bFVwNWyuDZtY1XA1bFVwNWyuDZtY1XA1bFVwNWyuDZtY1XA1bFVwNWyuDZtY1XA1bFVwNWyuDZtY1XA1bFVwNWyuDZtY1XA1bFVwNWyuDZtY1XA1bFVwNWyuDZtY1XA1bFVwNWyuDZtY1XA1bFVwNWyuDZtY1XA1bFVwNWyuDZtY1XA1bFVwNWyuDZtY1XA1bFVwNWyuDZtY1XA1bFVwNWyuDZtY1XA1bFVwNWyuDZtY1XA1bFVwNWyuDZtY1XA1bFVwNWyuDZtY1XA1bFVwNWyuDZtY1XA1bFVwNWyuDZtY1XA1bFVwNWyuDZtY1XA1bFVwNWyuDZtY1XA1bFVwNWyuDZtY1XA1bFVwNWyuDZtY1XA1bFVwNWyuDZtY1XA1bFVwNWyuDZtY1XA1bFVwNWyuDZtY1XA1bFVwNWyuDZtY1XA1bFVwNWyuDZtY1XA1bFVwNWyuDZtY1XA1bFVwNWyuDZtY1XA1bFVwNWyuDZtY1XA1bFVwNWyuDZtY1XA1bFVwNWyuDZtY1XA1bFVwNWyuDZtY1XA1bFVwNWyuDZtY1XA1bFVwNWyuDZtY1XA1bFVwNWyuDZtY1XA1bFVwNWyuDZtY1XA1bFVwNWyuDZtY1XA1bFVwNWyuDZtY1XA1bFVwNWyuDZtY1XA1bFVwNWyuDZtY1XA1bFVwNWyuDZtY1XA1bFVwNWyuDZtY1XA1bFVwNWyuDZtY1XA1bFVwNWyuDZtY1XA1bFVwNWyuDZtY1XA1bFVwNWyuDZtY1XA1bFVwNWyuDZtpwGg6AAAAAAAAAAAAAAAAAAAAAAAAAAAAAAAAAAAAAAAAAAAAAAAAAAAAAAAAAAAAAAAAAAAAABIzADPcgAAAAAAAAAAAAAAAAAAAAAAAAAAAAAAAAAAAAAAAAAAAAAAAAAAAAAAAAAAAAAAAAAAAAAAAAAAAAAAAAAAAAAAAAAAAAAAAAAAAAAAAAAGnAaDqAAAAAAAAAAAAAAAAAAAAAAAAAAAAAAAAAAAAAAAAAAAAAAAAAAAAAAAAAAAAAAAAAAAAAEjMAM9yAAAAAAAAAAAAAAAAAAAAAAAAAAAAAAAAAAAAAAAAAAAAAAAAAAAAAAAAAAAAAAAAAAAAAAAAAAAAAAAAAAAAAAAAAAAAAAAAAAAAAAAAAAacBoOoAAAAAAAAAAAAAAAAAAAAAAAAAAAAAAAAAAAAAAAAAAAAAAAAAAAAAAAAAAAAAAAAAAAAASMwAz3IAAAAAAAAAAAAAAAAAAAAAAAAAAAAAAAAAAAAAAAAAAAAAAAAAAAAAAAAAAAAAAAAAAAAAAAAAAAAAAAAAAAAAAAAAAAAAAAAAAAAAAAAABpwGg6gAAAAAAAAAAAAAAAAAAAAAAAAAAAAAAAAAAAAAAAAAAAAAAAAAAAAAAAAAAAAAAAAAAAABIzADPcgAAAAAAAAAAAAAAAAAAAAAAAAAAAAAAAAAAAAAAAAAAAAAAAAAAAAAAAAAAAAAAAAAAAAAAAAAAAAAAAAAAAAAAAAB788+J0AHnnw0AHnnw0AHnnw0AHnnw0AHnnw0AHnnw0AHnnw0AHnnw004C66AAAAAAAAAAAAAAAAAAAAAAAAAAAAAAAAAAAAAAAAAAAAAAAAAAAAAAAAAAAAAAAAAAAAABIzADPcgAAAAAAAAAAAAAAAAAAAAAAAAAAAAAAAAAAAAAAAAAAAAAAAAAAAAAAAAAAAAAAAAAAAAAAAAAAAAAAAAAAAAAABOP6ADZj8dQBIAAAAAAAAAAAAAA04CoAAAAAAAAAAAAAAAAAAAAAAAAAAAAAAAAAAAAAAAAAAAAAAAAAAAAAAAAAAAAAAAAAAAAABIzADPcgAAAAAAAAAAAAAAAAAAAAAAAAAAAAAAAAAAAAAAAAAAAAAAAAAAAAAAAAAAAAAAAAAAAAAAAAAAAAAAAAAAAAAABOP6ADZj8dQBIAAAAAAAAAAAAAA04CoAAAAAAAAAAAAAAAAAAAAAAAAAAAAAAAAAAAAAAAAAAAAAAAAAAAAAAAAAAAAAAAAAAAAABIzADPcgAAAAAAAAAAAAAAAAAAAAAAAAAAAAAAAAAAAAAAAAAAAAAAAAAAAAAAAAAAAAAAAAAAAAAAAAAAAAAAAAAAAAAABOP6ADZj8dQBIAAAAAAAAAAAAAA04CoAAAAAAAAAAAAAAAAAAAAAAAAAAAAAAAAAAAAAAAAAAAAAAAAAAAAAAAAAAAAAAAAAAAAABIzADPcgAAAAAAAAAAAAAAAAAAAAAAAAAAAAAAAAAAAAAAAAAAAAAAAAAAAAAAAAAAAAAAAAAAAAAAAAAAAAAAAAAAAAAABOP6ADZj8dQBIAAAAAAAAAAAAAA04CoAAAAAAAAAAAAAAAAAAAAAAAAAAAAAAAAAAAAAAAAAAAAAAAAAAAAAAAAAAAAAAAAAAAAABIzADPcgAAAAAAAAAAAAAAAAAAAAAAAAAAAAAAAAAAAAAAAAAAAAAAAAAAAAAAAAAAAAAAAAAAAAAAAAAAAAAAAAAAAAAABOP6AzA2Y/HVpxmBI04zADTjMANOMwA04zADTjMANOMwA04zAD6cAqAAAAAAAAAAAAAAAAAAAAAAAAAAAAAAAAAAAAAAAAAAAAAAAAAAAAAAAAAAAAAAAAAAAAAASMwAz3IAAAAAAAAAAAAAAAAAAAAAAAAAAAAAAAAAAAAAAAAAAAAAAAAAAAAAAAAAAAAAAAAAAAAAAAAAAAAAAAAAAAAAAATj+jMANmPx1AEgAAAAAAAAAAAAAD6cAqAAAAAAAAAAAAAAAAAAAAAAAAAAAAAAAAAAAAAAAAAAAAAAAAAAAAAAAAAAAAAAAAAAAAAASMwAz3IAAAAAAAAAAAAAAAAAAAAAAAAAAAAAAAAAAAAAAAAAAAAAAAAAAAAAAAAAAAAAAAAAAAAAAAAAAAAAAAAAAAAAAATj+jMANmPx1AEgAAAAAAAAAAAAAD6cAqAAAAAAAAAAAAAAAAAAAAAAAAAAAAAAAAAAAAAAAAAAAAAAAAAAAAAAAAAAAAAAAAAAAAAASMwAz3IAAAAAAAAAAAAAAAAAAAAAAAAAAAAAAAAAAAAAAAAAAAAAAAAAAAAAAAAAAAAAAAAAAAAAAAAAAAAAAAAAAAAAAATj+jMANmPx1AEgAAAAAAAAAAAAAD6cAqAAAAAAAAAAAAAAAAAAAAAAAAAAAAAAAAAAAAAAAAAAAAAAAAAAAAAAAAAAAAAAAAAAAAAASMwAz3IAAAAAAAAAAAAAAAAAAAAAAAAAAAAAAAAAAAAAAAAAAAAAAAAAAAAAAAAAAAAAAAAAAAAAAAAAAAAAAAAAAAAAAATj+jMANmPx1AEgAAAAAAAAAAAAAD6cAqAAAAAAAAAAAAAAAAAAAAAAAAAAAAAAAAAAAAAAAAAAAoqjxfd0w8L1mASqjxfd0w8FR4vu6YeEUBKqPF93TDwVHi+7ph4RQEqo8X3dMPBUeL7umHhFASqjxfd0w8FR4vu6YeEUEpVR4vu6YeCo8X3dMPCKOmoddQlVHi+7ph4Kjxfd0w8IoahOoSqjxfd0w8FR4vu6YeEUNQahKqPF93TDwVHi+7ph4RQ1BqEqo8X3dMPBUeL7umHhFDUGoSqjxfd0w8FR4vu6YeEUNQahKqPF93TDwVHi+7ph4RQ1BqEqo8X3dMPBUeL7umHhFDUGoSqjxfd0w8FR4vu6YeEUNQagAeaY8RWOABTHhWOABTHhWOABTHhWOABTHhWOABTHhWOABTHhWOABTHhWOABTHhWOABTHhWOABTHhWOABTHhWOABTHhWOABTHhWOABTHhWOABTHhWOABTHhWOABTHhWOABTHhWOABTHhWOABTHhWOABTHhWOABTHhWOABTHhWOABTHhWOABTHhWOABTHhWOABTHhWOABTHhWOABTHhWOABTHhWOABTHhWOABTHhWOABTHhWOABTHhWOABTHhWOABTHhWOABTHhWOABTHhWOABTHhWOABTHhWOABTHhWOABTHhWOABTHhWOABTHhWOMwA6bk1AAbk1AAbk1AAbk1AAbk1AAbk1AAbk1AAbk1AAbk1D6cA4uIAAAAAAAAAAAAAAAAAAAAAAAAAAAAAAAAAAAAAAAAAAzDTswAAAAAAAAJAHV2AAAAAAAAAAAAAAAAAAAAAAAAAAAAAAAAAAAAAAAAAAAAAAAAAAAAAAAAAAAAAAAAAAAAAAAAAAAAAAAAAAAAAAAAAAAAAAAAAAAAAAAAAAZgAAAAAAAAAAAAAAAAAH04BycAAAAAAAAAAAAAAAAAAAAAAAAAAAAAAAAAAAAAAAAAABmGnZgAAAAAAAASAOrsAAAAAAAAAAAAAAAAAAAAAAAAAAAAAAAAAAAAAAAAAAAAAAAAAAAAAAAAAAAAAAAAAAAAAAAAAAAAAAAAAAAAAAAAAAAAAAAAAAAAAAAAAAzAAAAAAAAAAAAAAAAAAPpwDk4AAAAAAAAAAAAAAAAAAAAAAAAAAAAAAAAAAAAAAAAAADMNOzAAAAAAAAAkAdXYAAAAAAAAAAAAAAAAAAAAAAAAAAAAAAAAAAAAAAAAAAAAAAAAAAAAAAAAAAAAAAAAAAAAAAAAAAAAAAAAAAAAAAAAAAAAAAAAAAAAAAAAABmAAAAAAAAAAAAAAAAAAfTgHJwAAAAAAAAAAAAAAAAAAAAAAAAAAAAAAAAAAAAAAAAAAGYadmAAAAAAAABIK2rYGvYq2Br2dXZZCtq2Br2Ktga9gWQratga9irYGvYFkK2rYGvYq2Br2BZCtq2Br2Ktga9gWQratga9irYGvYFkK2rYGvYq2Br2BZCtq2Br2Ktga9gWQratga9irYGvYFkK2rYGvYq2Br2BZCtq2Br2Ktga9gWQratga9irYGvYFkK2rYGvYq2Br2BZCtq2Br2Ktga9gWQratga9irYGvYFkK2rYGvYq2Br2BZCtq2Br2Ktga9gWQratga9irYGvYFkK2rYGvYq2Br2BZCtq2Br2Ktga9gWQratga9irYGvYFkK2rYGvYq2Br2BZCtq2Br2Ktga9gWQratga9irYGvYFkK2rYGvYq2Br2BZCtq2Br2Ktga9gWQratga9irYGvYFkK2rYGvYq2Br2BZCtq2Br2Ktga9gWQratga9irYGvYFkK2rYGvYq2Br2BZCtq2Br2Ktga9gWQratga9irYGvYFkK2rYGvYq2Br2BZCtq2Br2Ktga9gWQratga9irYGvYFkK2rYGvYq2Br2BZCtq2Br2Ktga9gWQratga9irYGvYFkK2rYGvYq2Br2BZCtq2Br2Ktga9gWQratga9irYGvYFkK2rYGvYq2Br2BZCtq2Br2Ktga9gWQratga9irYGvYFkK2rYGvYq2Br2BZCtq2Br2Ktga9gWQratga9irYGvYFkK2rYGvYq2Br2BZCtq2Br2Ktga9gWQratga9irYGvYFkK2rYGvYq2Br2BZCtq2Br2Ktga9gWQratga9irYGvYFUPf1/wBP1/0Hg9/X/T9f9B4Pf1/0/X/QeD39f9P1/wBB4Pf1/wBP1/0Hg9/X/T9f9B4Pf1/0/X/QeD39f9P1/wBB4Pf1/wBP1/0H00BycAAAAAAAAAAAAAAAAAAAAAAAAAAAAAAAAAAAAAAAAAABmGnZgAAAAAAAASzQDq7AAAAAAAAAAAAAAAAAAAAAAAAAAAAAAAAAAAAAAAAAAAAAAAAAAAAAAAAAAAAAAAAAAAAAAAAAAAAAAAAAAAAAAAAAAAAAAAAAAAAAAAAAAAAAAAAAAAAAAAAAAAAPpgDk4AAAAAAAAAAAAAAAAAAAAAAAAAAAAAAAAAAAAAAAAAADMNOzAAAAAAAAAlmgHV2AAAAAAAAAAAAAAAAAAAAAAAAAAAAAAAAAAAAAAAAAAAAAAAAAAAAAAAAAAAAAAAAAAAAAAAAAAAAAAAAAAAAAAAAAAAAAAAAAAAAAAAAAAAAAAAAAAAAAAAAAAAAfTAHJwAAAAAAAAAAAAAAAAAAAAAAAAAAAAAAAAAAAAAAAAAAGYadmAAAAAAAABLNAOrsAAAAAAAAAAAAAAAAAAAAAAAAAAAAAAAAAAAAAAAAAAAAAAAAAAAAAAAAAAAAAAAAAAAAAAAAAAAAAAAAAAAAAAAAAAAAAAAAAAAAAAAAAAAAAAAAAAAAAAAAAAAA+mAOTgAAAAAAAAAAAAAAAAAAAAAAAAAAAAAAAAAAAAAAAAAAMw07MAAAAAAAACWaAdXYAAAAAAAAAAAAAAAAAAAAAAAAAAAAAAAAAAAAAAAAAAAAAAAAAAAAAAAAAAAAAAAAAAAAAAAAAAAAAAAAAAAAAAAAAAAAAAAAAAAAAAAAAAAAAAAAAAAAAAAAAAAB9MAcnAAAAAAAAAAAAAAAAAAAAAAAAARajwnd0x8JTMAvajwnd0x8FR4Tu6Y+FEAvajwnd0x8FR4Tu6Y+FEAvajwnd0x8FR4Tu6Y+FEAvajwnd0x8FR4Tu6Y+FEAvajwnd0x8FR4Tu6Y+FEKvtk8Wle1HhO7pj4Kjwnd0x8KIPaS0r2o8J3dMfBUeE7umPhRB7SWle1HhO7pj4Kjwnd0x8KIPaS0r2o8J3dMfCiA9pLSAHtJaQA9pLSAHtJaQA9si0s0AvrQAAAAAAAAAAAAAAAAAAAAAAAAAAAAAAAAAAAAAAAAAAAAAAAAAAAAAAAAAAAAAAAAAAAAAAAAAAAAAAAAAAAAAAAAAAAAAAAAAAAAAAAAAAAAAAAAAAAAAAAAAAAD6YA5OAAAAAAAAAAAAAAAAAAAAAAAAAzDTswAAAAAAAASADPcgAAAAAAAAAAAAAABMfozQDTj8XABIAAAAAAAAAAAAAAAAAAAAAAAAAAAAAAAAAAAAAAAAAAAAAAAAAAAAAAAAAAAAAAAAAAAAAAAAAAAAAAAAAAAAAAAAAAAAAAAAAAAAAAAAAAAAAAAAAAAAAAAAAA+mAOTgAAAAAAAAAAAAAAAAAAAAAAAAMw07MAAAAAAAAEgAz3IAAAAAAAAAAAAAAATH6M0A04/FwASAAAAAAAAAAAAAAAAAAAAAAAAAAAAAAAAAAAAAAAAAAAAAAAAAAAAAAAAAAAAAAAAAAAAAAAAAAAAAAAAAAAAAAAAAAAAAAAAAAAAAAAAAAAAAAAAAAAAAAAAAAPpgDk4AAAAAAAAAAAAAAAAAAAAAAAADMNOzAAAAAAAABIAM9yAAAAAAAAAAAAAAAEx+jNANOPxcAEgAAAAAAAAAAAAAAAAAAAAAAAAAAAAAAAAAAAAAAAAAAAAAAAAAAAAAAAAAAAAAAAAAAAAAAAAAAAAAAAAAAAAAAAAAAAAAAAAAAAAAAAAAAAAAAAAAAAAAAAAAD6YA5OAAAAAAAAAAAAAAAAAAAAAAAAAzDTswAAAAAAAASADPcgAAAAAAAAAAAAAABMfozQDTj8XABIAAAAAAAAAAAAAAAAAAAAAAAAAAAAAAAAAAAAAAAAAAAAAAAAAAAAAAAAAAAAAAAAAAAAAAAAAAAAAAAAAAAAAAAAAAAAAAAAAAAAAAAAAAAAAAAAAAAAAAAAAA+mAOTgAAAAAAAAAAAAAAAAAAAAAAAAMw07MAAAAAAAAEgAz3IAAAAAAAAAAAAAAATH6M0A04/FwASAAAAAAAAAAAAAAAAAAAAAAAAAAAAAAAAAAAAAAAAAAAAAAAAAAAAAAAAAAAAAAAAAAAAAAAAAAAAAAAAAAAAAAAAAAAAAAAAAAAAAAAAAAAAAAAAAAAAAAAAAAPpgDk4AAAAAAAAAAAAAAAAAAAAAAAADMNOzAAAAAAAABIAM9yAAAAAAAAAAAAAAAEx+jNANOPxcAEgAAAAAAAAAAAAAAAAAAAAAAAAAAAAAAAAAAAAAAAAAAAAAAAAAAAAAAAAAAAAAAAAAAAAAAAAAAAAAAAAAAAAAAAAAAAAAAAAAAAAAAAAAAAAAAAAAAAAAAAAAD6YA5OAAAAAAAAAAAAAAAAAAAAAAAAAzDTswAAAAAAAASADPcgAAAAAAAAAAAAAABMfozQDTj8XABIAAAAAAAAAAAAAAAAAAAAAAAAAAAAAAAAAAAAAAAAAAAAAAAAAAAAAAAAAAAAAAAAAAAAAAAAAAAAAAAAAAAAAAAAAAAAAAAAAAAAAAAAAAAAAAAAAAAAAAAAAA+mAOTgAAAAAAAAAAAAAAAAAAAAAAAAMw07MAAAAAAAAEgAz3IAAAAAAAAAAAAAAATH6M0A04/FwASAAAAAAAAAAAAAAAAAAAAAAAAAAAAAAAAAAAAAAAAAAAAAAAAAAAAAAAAAAAAAAAAAAAAAAAAAAAAAAAAAAAAAAAAAAAAAAAAAAAAAAAAAAAAAAAAAAAAAAAAAAPpgDk4AAAAAAAAAAAAAAAAAAAAAAAADMNOzAAAAAAAABIAM9yAAAAAAAAAAAAAAACBmh+vwfhf8AWHf1h+R+vwfg9oPWH5H6/B+D2g9Yfkfr8H4PaD1h+R+vwfg9oPWH5H6/B+D2g9Yfkfr8H4PaD1h+R+vwfg9oPWH5H6/Dz8J9oT6w8Aerw5/RiAF4PoxAC8H0YgBeD6MQAvB9GIAXg+jEALwfRiAF4PoxAC8H0YgBeD6MQAvB9GIAXg+jEALwfRiAF4PoxAC8H0YgBeD6MQAvB9GIAXg+jEALwfRiAF4PoxAC8H0YgBeD6MQAvB9GIAXg+jEALwfRiAF4PoxAC8H0YgBeD6MQAvB9GIAXg+jEALwfRiAF4PoxAC8H0YgBeD6MQAvB9GIAXg+jEALwfRiAF4PoxAC8H0YgBeD6MQAvB9GIAXg+jEALwfRiAF4PoxAC8H0YgBeD6MQAvB9GIAXg+jEALwfRiAF4PoxAC8H0YgBeD6MQAvB9GIAXg+jF9MAeUgAAAAAAAAAAAAAAAAAAAAAAADMNOzAAAAAAAABIAM9yAAAAAAAAAAAAAAAAZwB2QAAAAAAAAAAAAAAAJH5Ad1cAAAAAAAAAAAAAAAAAAAAAAAAAAAAAAAAAAAAAAAAAAAAAAAAAAAAAAAAAAAAAAAAAAAAAAAAAAAAAAAAAAAAAAAAAAAAAAAAAAAAAAAAAB9MAel4AAAAAAAAAAAAAAAAAAAAAAAAZhp2YAAAAAAAAJABnuQAAAAAAAAAAAAAAADOAOyAAAAAAAAAAAAAAABI/IDurgAAAAAAAAAAAAAAAAAAAAAAAAAAAAAAAAAAAAAAAAAAAAAAAAAAAAAAAAAAAAAAAAAAAAAAAAAAAAAAAAAAAAAAAAAAAAAAAAAAAAAAAAAPpgD0vAAAAAAAAAAAAAAAAAAAAAAAADMNOzAAAAAAAABIAM9yAAAAAAAAAAAAAAAAZwB2QAAAAAAAAAAAAAAAJH5Ad1cAAAAAAAAAAAAAAAAAAAAAAAAAAAAAAAAAAAAAAAAAAAAAAAAAAAAAAAAAAAAAAAAAAAAAAAAAAAAAAAAAAAAAAAAAAAAAAAAAAAAAAAAAB9MAel4AAAAAAAAAAAAAAAAAAAAAAAAZhp2YAAAAAAAAJABnuQAAAAAAAAAAAAAAADOAOyAAAAAAAAAAAAAAABI/IDurgAAAAAAAAAAAAAAAAAAAAAAAAAAAAAAAAAAAAAAAAAAAAAAAAAAAAAAAAAAAAAAAAAAAAAAAAAAAAAAAAAAAAAAAAAAAAAAAAAAAAAAAAAPpgD0vAAAAAAAAAAAAAAAAAAAAAAAADMNOzAAAAAAAABIAM9yAAAAAAAAAAAAAAAAQqXI6pmcPBS5HVMzh4TRNpEKlyOqZnDwUuR1TM4eE0LSIVLkdUzOHgpcjqmZw8JoWkQqXI6pmcPBS5HVMzh4TQtIhUuR1TM4eClyOqZnDwmhaRCpcjqmZw8FLkdUzOHhNC0iFS5HVMzh4KXI6pmcPCaFpEKlyOqZnDwUuR1TM4eE0LSIVLkdUzOHgpcjqmZw8Jom0iju9jnaLvY52nYXFZxu9jnaLvY52nYBxu9jnaLvY52nYBxu9jnaLvY52nYBxu9jnaLvY52nYBxu9jnaLvY52nYBxu9jnaLvY52nYBxu9jnaLvY52nYBxu9jnaLvY52nYBxu9jnaLvY52nYBxu9jnaLvY52nYBxu9jnaLvY52nYBxu9jnaLvY52nYBxu9jnaLvY52nYBxu9jnaLvY52nYBxu9jnaLvY52nYBxu9jnaLvY52nYBxu9jnaLvY52nYBxu9jnaLvY52nYBxu9jnaLvY52nYBxu9jnaLvY52nYBxu9jnaLvY52nYBxu9jnaLvY52nYBxu9jnaLvY52nYBxu9jnaLvY52nYBxu9jnaLvY52nYBxu9jnaLvY52nYBxu9jnaLvY52nYBxu9jnaLvY52nYBxu9jnaLvY52nYBxu9jnaLvY52nYBxu9jnaLvY52nYBxu9jnaLvY52nYBxu9jnaLvY52nYBxu9jnaLvY52nYBxu9jnaLvY52nYBxu9jnaLvY52nYBxu9jnaLvY52nYBxu9jnaLvY52nYBxu9jnaLvY52nYBxu9jnaLvY52nYBxu9jnaLvY52nYBxu9jnaLvY52nYBxu9jnaLvY52nYBxu9jnaLvY52nYBxu9jnaLvY52nYBxu9jnaLvY52nYBxu9jnaLvY52nYBxu9jnaLvY52nYBxu9jnaLvY52nYBxu9jnaLvY52nYBxu9jnaLvY52nYBxu9jnaLvY52nYBxu9jnaLvY52nYBvQHpeAAAAAAAAAAAAAAAAAAAAAAAAGYadmAAAAAAAACQAZ7kAAAAAAAAAAAAAAAAAAAAAAAAAAAAAAAAAAqQF5WAAAAAAAAAAAAAAAAAAAAAAAAAAAAAAAAAAAAAAAAAAAAAAAAAAAAAAAAAAAAAAAAAAAAAAAAAAAAAAAAAAAAAAAAAAAAAAAAAAAAAAAAAAb0B6XgAAAAAAAAAAAAAAAAAAAAAAABmGnZgAAAAAAAAkAGe5AAAAAAAAAAAAAAAAAAAAAAAAAAAAAAAAAAKkBeVgAAAAAAAAAAAAAAAAAAAAAAAAAAAAAAAAAAAAAAAAAAAAAAAAAAAAAAAAAAAAAAAAAAAAAAAAAAAAAAAAAAAAAAAAAAAAAAAAAAAAAAAAAG9Ael4AAAAAAAAAAAAAAAAAAAAAAAAZhp2YAAAAAAAAJABnuQAAAAAAAAAAAAAAAAAAAAAAAAAAAAAAAAACpAXlYAAAAAAAAAAAAAAAAAAAAAAAAAAAAAAAAAAAAAAAAAAAAAAAAAAAAAAAAAAAAAAAAAAAAAAAAAAAAAAAAAAAAAAAAAAAAAAAAAAAAAAAAABvRHvkvptZF8l9NrItC7uEgR75L6bWRfJfTayLQbhIEe+S+m1kXyX02si0G4SBHvkvptZF8l9NrItBuEgR75L6bWRfJfTayLQbhIEe+S+m1kXyX02si0G4SBHvkvptZF8l9NrItBuEgR75L6bWRfJfTayLQbhIEe+S+m1kXyX02si0G4SBHvkvptZF8l9NrItBuEgR75L6bWRfJfTayLQbhIEe+S+m1kXyX02si0G4SBHvkvptZF8l9NrItBuEhmF/fJfTayZSpSemZlDym0G4TBDqUnpmZQ8lSk9MzKHktBuEwQ6lJ6ZmUPJUpPTMyh5LQbhMEOpSemZlDyVKT0zMoeS0G4TBDqUnpmZQ8lSk9MzKHlFoNwmCHUpPTMyh5KlJ6ZmUPKpTLjwmCHUpPTMyh5KlJ6ZmUPKKZcQmCHUpPTMyh5KlJ6ZmUPJTLgmCHUpPTMyh5KlJ6ZmUPJTLgmCHUpPTMyh5KlJ6ZmUPJTLgmCHUpPTMyh5KlJ6ZmUPJTLgmCHUpPTMyh5KlJ6ZmUPJTLgmCHUpPTMyh5KlJ6ZmUPJTLgmCHUpPTMyh5KlJ6ZmUPJTLgmCHUpPTMyh5KlJ6ZmUPJTLgmCHUpPTMyh5KlJ6ZmUPJTLgmCHUpPTMyh5KlJ6ZmUPJTLgmCHUpPTMyh5KlJ6ZmUPJTLgmCHUpPTMyh5KlJ6ZmUPJTLgmCHUpPTMyh5KlJ6ZmUPJTLgmCHUpPTMyh5KlJ6ZmUPJTLgmCHUpPTMyh5KlJ6ZmUPJTLgmCHUpPTMyh5KlJ6ZmUPKaZcEUBbVgAAAAAAAAAAAAAAAAB6rPHqmXAArPCmXAArPCmXAArPCmXAArPCmXAArPCmXAArPCmXAArPCmXAArPCmXAB5eQAAAAAAAAAAAAAAAAB7plx6plwAKZcKZcACmXCmXAAplwplwAKZcKZcACmXCmXAAplwplwAKZcKZcACmXCmXAB4eQAAAAAAAAAAAAAAAAB6rPHqmXAArPCmXAArPCmXAArPCmXAArPCmXAArPCmXAArPCmXAArPCmXAArPCmXGoAUncAAAAAAAAAAAAAAAAAAAAAAAAY1smNTAAJAAAAAAABdegAAAAAAAAAAAAAAAAAAAAAAAAAAAAAAAAAEoBzVAAAAAAAAAAAAAAABJAAuNOAAAAAAAAAAAAAAAAJAFNmSAIAAAAAAAAAAAAABMEADShpwAAAAAAAAAAAAAAAEkgDNlmSAIAAAAAAAAAAAAABJAAuNOAAAAAAAAAAAAAAAAGoAY6qAAAAAAAAAAAAAAAAAAAAAAAAMa2TGpgAEgAAAAAAAuvQAAAAAAAAAAAAAAAAAAAAAAAAAAAAAAAAACUA5qgAAAAAAAAAAAAAAAkgAXGnAAAAAAAAAAAAAAAAEgCmzJAEAAAAAAAAAAAAAAmCABpQ04AAAAAAAAAAAAAAACSQBmyzJAEAAAAAAAAAAAAAAkgAXGnAAAAAAAAAAAAAAAADUAMdVAAAAAAAAAAAAAAAAAAAAAAAAGNbJjUwACQAAAAAAAXXoAAAAAAAAAAAAAAAAAAAAAAAAAAAAAAAAABKAc1QAAAAAAAAAAAAAAASQALjTgAAAAAAAAAAAAAAACQBTZkgCAAAAAAAAAAAAAATBAA0oacAAAAAAAAAAAAAAABJIAzZZkgCAAAAAAAAAAAAAASQALjTgAAAAAAAAAAAAAAABqAGOqgAAAAAAAAAAAAAAAAAAAAAAADGtkxqYABIAAAAAAALr0AAAAAAAAAAAAAAAAAAAAAAAAAAAAAAAAAAlAOaoAAAAAAAAAAAAAAAJIAFxpwAAAAAAAAAAAAAAABIApsyQBAAAAAAAAAAAAAAJggAaUNOAAAAAAAAAAAAAAAAkkAZssyQBAAAAAAAAAAAAAAJIAFxpwAAAAAAAAAAAAAAAA1ADHVQAAAAAAAAAAAAAAAAAAAAAAABjWyY1MAAkAAAAAAAF16AAAAAAAAAAAAAAAAAAAAAAAAAAAAAAAAAASgHNUAAAAAAHK88P35f2g6svGL3jjt7wxs0d54fvy/tAvPD9+X9oM2PVIe/OGkvPD9+X9oF54fvy/tBmwpB5w0l54fvy/tAvPD9+X9oM2FIPOGkvPD9+X9oF54fvy/tBm3kfQpB5w0l84X5Mn7wL5wvyZP3gyPuLC7DXXzhfkyfvAvnC/Jk/eDIgNdfOF+TJ+8C+cL8mT94MiA1184X5Mn7wL5wvyZP3gyIDXXzhfkyfvAvnC/Jk/eDIgNdfOF+TJ+8C+cL8mT94MiA1184X5Mn7wL5wvyZP3gyIDXXzhfkyfvAvnC/Jk/eDIgNdfOF+TJ+8C+cL8mT94Mi9h6wCWzAU2ZIAgAAAAH4/rL7ljN+1SCz/rL7ljM/rL7ljNWALP8ArL7ljM/rL7ljNWALP+svuWMz+svuWM1YAs/6y+5YzP6y+5YzVgmCFn/WX3LGZ/WX3LGasGlDThZ/1l9yxmf1l9yxmrAFn/WX3LGZ/WX3LGasAWf9ZfcsZn9ZfcsZqwBZ/wBZfcsZn9ZfcsZqwBZ/1l9yxmf1l9yxmrAFn/WX3LGZ/WX3LGasAWf9ZfcsZn9ZfcsZqwBZ/wBZfcsZn9ZfcsZqwJJWwDNlmSAIAAAAAAAAAAAAABJDjfOF+TJ+8C+cL8mT94MjH1Fxpw1184X5Mn7wL5wvyZP3gyIDXXzhfkyfvAvnC/Jk/eDIgNdfOF+TJ+8C+cL8mT94MiA1184X5Mn7wL5wvyZP3gyIDXXzhfkyfvAvnC/Jk/eDIgNdfOF+TJ+8C+cL8mT94MiA1184X5Mn7wL5wvyZP3gyIDXXzhfkyfvAvnC/Jk/eDIgPrgDHVQAAAAAAAAAAAAAAAAAAAAAAABjWyY1MAAkAAAAAAAF16AAAAAAAAAAAAAAAAAAAAAAAAAAAAAAAAAASgHNUAAAAAAGW92pZb3dMHX+f+vAHR1AAAAevI+j15H0BF9w9x1WQBIAAAAAAAAAAAAEPWAQ9YA2gCkzJAEAAAAAqVsqQAAAAAAAEwQANKGnAAAAAAAAAAAAAAAASStgGbLMkAQAAAAAAAAAAAAACSGLj6hH1FxpgCQAAAAAAAAAAAAAB9cAYyqAAAAAAAAAAAAAAAAAAAAAAAAMa2TGpgAEgAAAAAAAuvQAAAAAAAAAAAAAAAAAAAAAAAAAAAAAAAAACUA5qgAAAAAAy3u1LLe7pg6/z/wBeAOjqAAAA9eR9HryPoCL7h7jqsgCQAAAAAAAAAAAAIesAh6wBtAFJmSAIAAAABUrZUgAAAAAAAJggAaUNOAAAAAAAAAAAAAAAAklbAM2WZIAgAAAAAAAAAAAAAEkMXH1CPqLjTAEgAAAAAAAAAAAAAD64AxlUAAAAAAAAAAAAAAAAAAAAAAAAY1smNTAAJAAAAAAABdegAAAAAAAAAAAAAAAAAAAAAAAAAAAAAAAAAEoBzVAAAAAABlvdqWW93TB1/n/rwB0dQAAAHryPo9eR9ARfcPcdVkASAAAAAAAAAAAABD1gEPWANoApMyQBAAAAAKlbKkAAAAAAABMEADShpwAAAAAAAAAAAAAAAEkrYBmyzJAEAAAAAAAAAAAAAAkhi4+oR9RcaYAkAAAAAAAAAAAAAAfXAGMqgAAAAAAAAAAAAAAAAAAAAAAADGtkxqYABIAAAAAAALj0AJAAAAAAAAAAAAAAAAAAAAAAAAAAAAAAAAEoBzVAAAAAABlvdqWW93TB1/n/AK8AdHUAAAB68j6PXkfQEX3D3HVZAEgAAAAAAAAAAAAQ9YBD1gDaAKTMkAQAAAACpWypAAAAAAAATBAA0oacAAAAAAAAAAAAAAABJK2AZssyQBAAAAAAAAAAAAAAJIYuPqEfUXGmAJAAAAAAAAAAAAAAH1wBjKoAAAAAAAAAAAAAAAAAAAAAAAA43ThfjSfpB2AcbpwvxpP0gXThfjSfpB2AcbpwvxpP0gXThfjSfpB2AcbpwvxpP0gXThfjSfpB2AcbpwvxpP0gXThfjSfpB2AcLnwvxpP0gXPhfjSfpB3Ejhc+F+NJ+kC58L8aT9IO4Dhc+F+NJ+kC58L8aT9IO4Dhc+F+NJ+kC58L8aT9IO4Dhc+F+NJ+kGUbJjSAASAAAAACQAXHoAAAAAAAAAAAAAAABKAc1QAAAAAAZb3allvd0wdf5/68AdHUAAAB68j6PXkfQEX3D3HVZAEgAAAAAAAAAAAAQ9YBD1gDaAKTMkAQAAAACpWypAAAAAAAATBAA0oacAAAAAAAAAAAAAAABJK2AZssyQBAAAAAAAAAAAAAAJIYuPqEfUXGmAJAAAAAAAAAAAAAAH1wBjKoAAAAAAAAAAAAAAAAAAAAAAAAAAAAAAAAAAAAAAAAAAxrZMamAASAAAAAAAC69AAAAAAAAAAAAAAAAJQDmqAAAAAADLe7Ust7umDr/P8A14A6OoAAAD15H0evI+gIvuHuOqyAJAAAAAAAAAAAAAh6wCHrAG0AUmZIAgAAAAFStlSAAAAAAAAmCABpQ04AAAAAAAAAAAAAAACSVsAzZZkgCAAAAAAAAAAAAAASQxcfUI+ouNMASAAAAAAAAAAAAAAPrgDGVQAAAAAAAAAAAAAAAAAAAAAAAAAAAAAAAAAAAAAAAAABjWyY1MAAkAAAAAAAF16AAAAAAAAAAAAAAAASgHNUAAAAAAGW92pZb3dMHX+f+vAHR1AAAAevI+j15H0BF9w9x1WQBIAAAAAAAAAAAAEPWAQ9YA2gCkzJAEAAAAAqVsqQAAAAAAAEwQANKGnAAAAAAAAAAAAAAAASStgGbLMkAQAAAAAAAAAAAAACSGLj6hH1FxpgCQAAAAAAAAAAAAAB9cAYyqAAAAAAAAAAAAAAAAAAAAAAAAAAAAAAAAAAAAAAAAAAMa2TGpgAEgAAAAAAAuvQAAAAAAAAAAAAAAACUA5qgAAAAAAy3u1LLe7pg6/z/wBeAOjqAAAA9eR9HryPoCL7h7jqsgCQAAAAAAAAAAAAIesAh6wBtAFJmSAIAAAABUrZUgAAAAAAAJggAaUNOAAAAAAAAAAAAAAAAklbAM2WZIAgAAAAAAAAAAAAAEkMXH1CPqLjTAEgAAAAAAAAAAAAAD64AxlUAAAAAAAAAAAAAAAAAAAAAAAAAAAAAAAAAAAAAAAAAAY1smNTAAJAAAAAAABdegAAAAAAAAAAAAAAAEoBzVAAAAAABlvdqWW93TB1/n/rwB0dQAAAHryPo9eR9ARfcPcdVkASAAAAAAAAAAAABD1gEPWANoApMyQBAAAAAKlbKkAAAAAAABMEADShpwAAAAAAAAAAAAAAAEkrYBmyzJAEAAAAAAAAAAAAAAkhi4+oR9RcaYAkAAAAAAAAAAAAAAfXAGMqgAAAAAAAAAAAAAAAAAAAAAAAAAAAAAAAAAAAAAAAAADGtkxqYABIAAAAAAALr0AAAAAAAAAAAAAAAAlAOaoAAAAAAMt7tSy3u6YOv8/9eAOjqAAAA9eR9HryPoCL7h7jqsgCQAAAAAAAAAAAAIesAh6wBtAFJmSAIAAAABUrZUgAAAAAAAJggAaUNOAAAAAAAAAAAAAAAAklbAM2WZIAgAAAAAAAAAAAAAEkMXH1CPqLjTAEgAAAAAAAAAAAAAD64AxlUAAAAAAAAAAAAAAAAAAAAAAAAAAAAAAAAAAAAAAAAAAY1smNTAAJAAAAAAABdegAAAAAAAAAAAAAAAEoBzVAAAAAABlvdqWW93TB1/n/AK8AdHUAAAB68j6PXkfQEX3D3HVZAEgAAAAAAAAAAAAQ9YBD1gDaAKTMkAQAAAACpWypAAAAAAAATBAA0oacAAAAAAAAAAAAAAABJK2AZssyQBAAAAAAAAAAAAAAJIYuPqEfUXGmAJAAAAAAAAAAAAAAH1wBjKoAAAAAAAAAAAAAAAAAAAAAAAAAAAAAAAAAAAAAAAAAAxrZMamAASAAAAAAAC69AAAAAAAAAAAAAAAAJQDmqAAAAAADLe7Ust7umDr/AD/14A6OoAAAD15H0evI+gIvuHuOqyAJAAAAAAAAAAAAAh6wCHrAG0AUmZIAgAAAAFStlSAAAAAAAAmCABpQ04AAAAAAAAAAAAAAACSVsAzZZkgCAAAAAAAAAAAAAASQxcfUI+ouNMASAAAAAAAAAAAAAAPrgDGVQAAAAAAAAAAAAAAAAAAAAAAAAAAAAAAAAAAAAAAAAABjWyY1MAAkAAAAAAAF16AAAAAAAAAAAAAAAASgHNUAAAAAAGW92pZb3dMHX+f+vAHR1AAAAevI+j15H0BF9w9x1WQBIAAAAAAAAAAAAEPWAQ9YA2gCkzJAEAAAAAqVsqQAAAAAAAEwQANKGnAAAAAAAAAAAAAAAASStgGbLMkAQAAAAAAAAAAAAACSGLj6hH1FxpgCQAAAAAAAAAAAAAB9cAYyqAAAAAAAAAAAAAAAAAAAAAAAAAAAAAAAAAAAAAAAAAAKCh8T3JOcfC/AUFD4ruSc4+Ch8V3JOcfC/E7FBQ+K7knOPgofFdyTnHwvw2KCh8V3JOcfBQ+K7knOPhfhsUFD4ruSc4+Ch8T3JOcfC/DYz9D4ruSc4+Ch8V3JOcfDQD36ZJ2z9D4ruSc4+Ch8V3JOcfDQB6ZG2fofFdyTnHwUPiu5Jzj4aAPTI2z9D4ruSc4+Ch8V3JOcfDQB6ZG2fofFdyTnHwUPiu5Jzj4aAPTI2z9D4ruSc4+Ch8V3JOcfDQB6ZG2fofFdyTnHwUPiu5Jzj4aAPTI2z9D4ruSc4+Ch8V3JOcfDQB6ZG2fofFdyTnHwUPiu5Jzj4aAPTI2y4DuqgAAAAACnj/yJ/XLzj4XA9ROnqMpj8U1In9cvOPgpE/rl5x8LkTeU+kqakT+uXnHwUif1y84+FyF5PSVNSJ/XLzj4KRP65ecfC5C8npKmpE/rl5x8PKRP65ecfC6C8npKhoU/uS84+ChT+5Lzj4Xwn0yevbJQ0Kf3JecfDyhT+5Lzj4X4emR7ZqChT+5Lzj4KFP7kvOPhfh6ZHtmoKFP7kvOPgoU/uS84+F+Hpke2agoU/uS84+ChT+5Lzj4X4emR7ZqChT+5Lzj4KFP7kvOPhfh6ZHtmoKFP7kvOPgoU/uS84+F+Hpke2agoU/uS84+ChT+5Lzj4X4emR7ZqGhT+5Lzj4If8Kf8An/0l5x8L4PTI9sgBzcgAAAAABUrZUgAAAAAAAJggAaUNOAAAAAAAAAAAAAAAAklbAM2WZIAgAAAAAAAAAAAAAAUUf+FP7kvOPh5Qp/cl5x8L4dPTJ19slDQp/cl5x8PKFP7kvOPhfh6ZHtmoKFP7kvOPgoU/uS84+F+Hpke2agoU/uS84+ChT+5Lzj4X4emR7ZqChT+5Lzj4KFP7kvOPhfh6ZHtmoKFP7kvOPgoU/uS84+F+Hpke2agoU/uS84+ChT+5Lzj4X4emR7ZqChT+5Lzj4KFP7kvOPhfh6ZHtmoKFP7kvOPgoU/uS84+F+Hpke2bUAKDoAAAAAAAAAAAAAAAAAAAAAAAAAAAAAAAAAAAAAAAAAAAAAAAAAAAAAAAAAAAAAAAAAAAAAAy4C2rAAAAAAAAAAAAAAAAAAAAAAAAAAAAAAAAAAAAAAAAAACpWypAAAAAAAATBAA0oacAAAAAAAAAAAAAAABJK2AZssyQBAAAAAAAAAAAAAAAAAAAAAAAAAAAAAAAAA1ACosgAAAAAAAAAAAAAAAAAAAAAAAAAAAAAAAAAAAAAAAAAAAAAAAAAAAAAAAAAAAAAAAAAAAAAMuAtqwAAAAAAAAAAAAAAAAAAAAAAAAAAAAAAAAAAAAAAAAAAqVsqQAAAAAAAEwQANKGnAAAAAAAAAAAAAAAASStgGbLMkAQAAAAAAAAAAAAAAAAAAAAAAAAAAAAAAAANQAqLIAAAAAAAAAAAAAAAAAAAAAAAAAAAAAAAAAAAAAAAAAAAAAAAAAAAAAAAAAAAAAAAAAAAAADLgLasAAAAAAAAAAAAAAAAAAAAAAAAAAAAAAAAAAAAAAAAAAKlbKkAAAAAAABMEADShpwAAAAAAAAAAAAAAAEkrYBmyzJAEAAAAAAAAAAAAAAAAAAAAAAAAAAAAAAAADUAKiyAAAAAAAAAAAAAAAAAAAAAAAAAAAAAAAAAAAAAAAAAAAAAAAAAAAAAAAAAAAAAAAAAAAAAAy4C2rAAAAAAAAAAAAAAAAAAAAAAAAAAAAAAAAAAAAAAAAAACpWypAAAAAAAATBAA0oacAAAAAAAAAAAAAAABJK2AZssyQBAAAAAAAAAAAAAAAAAAAAAAAAAAAAAAAAA1ACosgAAAAAAAAAAAAAAAAAAAAAAAAAAAAAAAAAAAAAAAAAAAAAAAAAAAAAAAAAAAAAAAAAAAAAMuAtqwAAAAAAAAAAAAAAAAAAAAAAAAAAAAAAAAAAAAAAAAAAqVsqQAAAAAAAEwQANKGnAAAAAAAAAAAAAAAASStgGbLMkAQAAAAAAAAAAAAAAAAAAAAAAAAAAAAAAAANQAqLIAAAAAAAAAAAAAAAAAAAAAAAAAAAAAAAAAAAAAAAAAAAAAAAAAAAAAAAAAAAAAAAAAAAAADLgLasAAAAAAAAAAAAAAAAAAAAAAAAAAAAAAAAAAAAAAAAAAKlbKkAAAAAAABMEADShpwAAAAAAAAAAAAAAAEkrYBmyzJAEAAAAAAAAAAAAAAAAAAAAAAAAAAAAAAAADUAKiyAAAAAAAAAAAAAAAAAAAAAAAAAAAAAAAAAAAAAAAAAAAAAAAAAAAAAAAAAAAAAAAAAAAAAAy4C2rAAAAAAAAAAAAAAAAAAAAAAAAAAAAAAAAAAAAAAAAAACpWypAAAAAAAATBAA0oacAAAAAAAAAAAAAAABJK2AZssyQBAAAAAAAAAAAAAAAAAAAAAAAAAAAAAAAAA1ACosgAAAAAAAAAAAAAAAAAAAAAAAAAAAAAAAAAAAAAAAAAAAAAAAAAAAAAAAAAAAAAAAAAAAAAMuAtqwAAAAAAAAAAAAAAAAAAAAAAAAAAAAAAAAAAAAAAAAAAqVsqQAAAAAAAEwQANKGnAAAAAAAAAAAAAAAASStgGbLMkAQAAAAAAAAAAAAAAAAAAAAAAAAAAAAAAAANQAqLIAAAAAAAAAAAAAAAAAAAAAAAAAAAAAAAAAAAAAAAAAAAAAAAAAAAAAAAAAAAAAAAAAAAAADLiKLtXjyShFCp5JQihU8koRQqeSUIoVPJKEUKnklCKFTyShFCp5JQihU8koRQqeSUIoVPJKEUKnklCKFTyShFCp5JQihU8koRQqeSUIoVPJKEUKnklCKFTyShFCp5JQihU8koRQqeSUqUwKnkhiYFTyQxMCp5IYmBU8kMTBOjyQxMFn2/4s3QxMD2/4eiGJge3/AA9EMTA9v+HohiYHt/w9EMTA9v8Ah6IYmB7f8PRDEwPb/h6IYmB7f8LpQiitpW8koRRFTyShFCp5JQihU8koRQqeSUIoVPJKEUKnklCKFTyShFCp5JQihU8koRQqeSUIoVPJKEUKnklCKFTyShFCp5JQihU8koRQqeSUIoVPJsgFJ7AAAAAAAAAAAAAAAAAAAAAAAAAAAAAAAAAAAAAAAAAAAAAAAAAAAAAAAAAAAAAAAAAAAAAEjGgLz0AAAAAAAAAAAAAAAAAAAAAAAAAAAAAAAAAAAAAAAAAAAAAAAAAAAAAAAAAAAAAAAAAAAAAAAAAAAAAAAAAAAAAAAAAAAAAAAAAAAAAAAAAA2QCg8gAAAAAAAAAAAAAAAAAAAAAAAAAAAAAAAAAAAAAAAAAAAAAAAAAAAAAAAAAAAAAAAAAAAACRjQF56AAAAAAAAAAAAAAAAAAAAAAAAAAAAAAAAAAAAAAAAAAAAAAAAAAAAAAAAAAAAAAAAAAAAAAAAAAAAAAAAAAAAAAAAAAAAAAAAAAAAAAAAAAbIBQeQAAAAAAAAAAAAAAAAAAAAAAAAAAAAAAAAAAAAAAAAAAAAAAAAAAAAAAAAAAAAAAAAAAAABIxoC89AAAAAAAAAAAAAAAAAAAAAAAAAAAAAAAAAAAAAAAAAAAAAAAAAAAAAAAAAAAAAAAAAAAAAAAAAAAAAAAAAAAAAAAAAAAAAAAAAAAAAAAAAANkAoPIAAAAAAAAAAAAAAAAAAAAAAAAAAAAAAAAAAAAAAAAAAAAAAAAAAAAAAAAAAAAAAAAAAAAAkY0BeegAAAAAAAAAAAAAAAAAAAAAAAAAAAAAAAAAAAAAAAAAAAAAAAAAAAAAAAAAAAAAAAAAAAAAAAAAAAAAAAAAAAAAAAAAAAAAAAAAAAAAAAAAGyAUHkAAAAAAAAAAAAAAAAAAAAAAAAAAAAAAAAAAAAAAAAAAAAAAAAAAAAAAAAAAAAAAAAAAAAASMaAvPQAAAAAAAAAAAAAAAAAAAAAAAAAAAAAAAAAAAAAAAAAAAAAAAAAAAAAAAAAAAAAAAAAAAAAAAAAAAAAAAAAAAAAAAAAAAAAAAAAAAAAAAAADZAKDyAAAAAAAAAAAAAAAAAAAAAAAAAAAAAAAAAAAAAAAAAAAAAAAAAAAAAAAAAAAAAAAAAAAAAJGNAXnoAAAAAAAAAAAAAAAAAAAAAAAAAAAAAAAAAAAAAAAAAAAAAAAAAAAAAAAAAAAAAAAAAAAAAAAAAAAAAAAAAAAAAAAAAAAAAAAAAAAAAAAAABsgFB5AAAAAAAAAAAAAAAAAAAAAAAAAAAAAAAAAAAAAAAAAAAAAAAAAAAAAAAAAAAAAAAAAAAAAEjGgLz0AAAAAAAAAAAAAAAAAAAAAAAAAAAAAAAAAAAAAAAAAAAAAAAAAAAAAAAAAAAAAAAAAAAAAAAAAAAAAAAAAAAAAAAAAAAAAAAAAAAAAAAAAA2QCg8gAAAAAAAAAAAAAAAAAAAAAAAAAAAAAAAAAAAAAAAAAAAAAAAAAAAAAAAAAAAAAAAAAAAACRjQF56AAAAAAAAAAAAAAAAAAAAAAAAAAAAAAAAAAAAAAAAAAAAAAAAAAAAAAAAAAAAAAAAAAAAAAAAAAAAAAAAAAAAAAAAAAAAAAAAAAAAAAAAAAbIBQeQAAAAAAAAAAAAAAAAAAAAAAAAAAAAAAAAAAAAAAAAAAAAAAAAAAAAAAAAAAAAAAAAAAAABIxoC89AAAAAAAAAAAAAAAAAAAAAAAAAAAAAAAAAAAAAAAAAAAAAAAAAAAAAAAAAAAAAAAAAAAAAAAAAAAAAAAAAAAAAAAAAAAAAAAAAAAAAAAAAANkAoPIAAAAAAAAAAAAAAAAAAAAAAAAAAAAAAAAAAAAAAAAAAAAAAAAAAAAAAAAAAAAAAAAAAAAAkY0BeegAAAAAAAAAAAAAAAAAAAAAAAAAAAAAAAAAAAAAAAAAAAAAAAAAAAAAAAAAAAAAAAAAAAAAAAAAAAAAAAAAAAAAAAAAAAAAAAAAAAAAAAAAGyAUHkAAAAAAAAAAAAAAAAAAAAAAAAAAAAAAAAAAAAAAAAAAAAAAAAAAAAAAAAAAAAAAAAAAAAASMaAvPQAAAAAAAAAAAAAAAAAAAAAAAAAAAAAAAAAAAAAAAAAAAAAAAAAAAAAAAAAAAAAAAAAAAAAAAAAAAAAAAAAAAAAAAAAAAAAAAAAAAAAAAAADZAKDyAAAAAAAAAAAAAAAAAAAAAAAAAAAAAAAAAAAAAAAAAAAAAAAAAAAAAAAAAAAAAAAAAAAAAJGNAXnoAAAAAAAAAAAAAAAAAAAAAAAAAAAAAAAAAAAAAAAAAAAAAAAAAAAAAAAAAAAAAAAAAAAAAAAAAAAAAAAAAAAAAAAAAAAAAAAAAAAAAAAAABsgFB5AAAAAAAAAAAAAAAAAAAAAAAAAAAAAAAAAAAAAAAAAAAAAAAAAAAAAAAAAAAAAAAAAAAAAEjGgLz0AAAAAAAAAAAAAAAAAAAAAAAAAAAAAAAAAAAAAAAAAAAAAAAAAAAAAAAAAAAAAAAAAAAAAAAAAAAAAAAAAAAAAAAAAAAAAAAAAAAAAAAAAA2QCg8gAAAAAAAAAAAAAAAAAAAAAAAAAAAAAAAAAAAAAAAAAAAAAAAAAAAAAAAAAAAAAAAAAAAACRjQF56AAAAAAAAAAAAAAAAAAAAAAAAAAAAAAAAAAAAAAAAAAAAAAAAAAAAAAAAAAAAAAAAAAAAAAAAAAAAAAAAAAAAAAAAAAAAAAAAAAAAAAAAAAbIBQeQAAAAAAAAAAAAAAAAAAAAAAAAAAAAAAAAAAAAAAAAAAAAAAAAAAAAAAAAAAAAAAAAAAAABIxoC89AAAAAAAAAAAAAAAAAAAAAAAAAAAAAAAAAAAAAAAAAAAAAAAAAAAAAAAAAAAAAAAAAAAAAAAAAAAAAAAAAAAAAAAAAAAAAAAAAAAAAAAAAANkAoPIAAAAAAAAAAAAAAAAAAAAAAAAAAAAAAAAAAAAAAAAAAAAAAAAAAAAAAAAAAAAAAAAAAAAAkY0BeegAAAAAAAAAAAAAAAAAAAAAAAAAAAAAAAAAAAAAAAAAAAAAAAAAAAAAAAAAAAAAAAAAAAAAAAAAAAAAAAAAAAAAAAAAAAAAAAAAAAAAAAAAGyAUHkAAAAAAAAAAAAAAAAAAAAAAAAAAAAAAAAAAAAAAAAAAAAAAAAAAAAAAAAAAAAAAAAAAAAASMaAvPQAAAAAAAAAAAAAAAAAAAAAAAAAAAAAAAAAAAAAAAAAAAAAAAAAAAAAAAAAAAAAAAAAAAAAAAAAAAAAAAAAAAAAAAAAAAAAAAAAAAAAAAAADZAKDyAAAAAAAAAAAAAAAAAAAAAAAAAAAAAAAAAAAAAAAAAAAAAAAAAAAAAAAAAAAAAAAAAAAAAJGNAXnoAAAAAAAAAAAAAAAAAAAAAAAAAAAAAAAAAAAAAAAAAAAAAAAAAAAAAAAAAAAAAAAAAAAAAAAAAAAAAAAAAAAAAAAAAAAAAAAAAAAAAAAAAB//2Q==', 1, '2026-04-19 12:47:06', NULL, 'MECANICO'),
(13, 'Pedro', 'Martínez Ruiz', 'pedro@taller.com', '$2a$10$Lw95TZTZI0Ed06YOKsZsA.pI1yqGXIzUHYzpi2RotZylcNrD8mW/q', '622222222', NULL, 1, '2026-04-19 12:47:06', NULL, 'MECANICO'),
(14, 'Ana', 'Fernández Gil', 'ana@taller.com', '$2a$10$Lw95TZTZI0Ed06YOKsZsA.pI1yqGXIzUHYzpi2RotZylcNrD8mW/q', '633333333', NULL, 1, '2026-04-19 12:47:06', NULL, 'MECANICO'),
(15, 'Luis', 'Sánchez Mora', 'luis@cliente.com', '$2a$10$Lw95TZTZI0Ed06YOKsZsA.pI1yqGXIzUHYzpi2RotZylcNrD8mW/q', '644444444', NULL, 1, '2026-04-19 12:47:06', NULL, 'CLIENTE'),
(16, 'María', 'López Torres', 'maria@cliente.com', '$2a$10$Lw95TZTZI0Ed06YOKsZsA.pI1yqGXIzUHYzpi2RotZylcNrD8mW/q', '655555555', NULL, 1, '2026-04-19 12:47:06', NULL, 'CLIENTE'),
(17, 'José', 'Romero Vega', 'jose@cliente.com', '$2a$10$Lw95TZTZI0Ed06YOKsZsA.pI1yqGXIzUHYzpi2RotZylcNrD8mW/q', '666666666', NULL, 1, '2026-04-19 12:47:06', NULL, 'CLIENTE'),
(18, 'Elena', 'Jiménez Paz', 'elena@cliente.com', '$2a$10$Lw95TZTZI0Ed06YOKsZsA.pI1yqGXIzUHYzpi2RotZylcNrD8mW/q', '677777777', NULL, 1, '2026-04-19 12:47:06', NULL, 'CLIENTE'),
(36, 'Admin', 'Taller', 'admin@taller.com', '$2a$10$Lw95TZTZI0Ed06YOKsZsA.pI1yqGXIzUHYzpi2RotZylcNrD8mW/q', NULL, NULL, 1, '2026-04-19 11:04:36', NULL, 'ADMIN');

-- --------------------------------------------------------

--
-- Estructura de tabla para la tabla `vehiculo`
--

CREATE TABLE `vehiculo` (
  `id` int(11) NOT NULL,
  `id_cliente` int(11) NOT NULL,
  `matricula` varchar(10) NOT NULL,
  `marca` varchar(50) NOT NULL,
  `modelo` varchar(50) NOT NULL,
  `anio` year(4) NOT NULL,
  `color` varchar(30) DEFAULT NULL,
  `foto` varchar(255) DEFAULT NULL
) ENGINE=InnoDB DEFAULT CHARSET=utf8mb4 COLLATE=utf8mb4_general_ci;

--
-- Volcado de datos para la tabla `vehiculo`
--

INSERT INTO `vehiculo` (`id`, `id_cliente`, `matricula`, `marca`, `modelo`, `anio`, `color`, `foto`) VALUES
(1, 1, '1234ABC', 'Toyota', 'Corolla', '2019', 'Blanco', NULL),
(2, 1, '5678DEF', 'Ford', 'Focus', '2020', 'Negro', NULL),
(3, 2, '9012GHI', 'Seat', 'Ibiza', '2018', 'Rojo', NULL),
(4, 2, '3456JKL', 'Volkswagen', 'Golf', '2021', 'Azul', NULL),
(5, 3, '7890MNO', 'BMW', 'Serie 3', '2022', 'Gris', NULL),
(6, 4, '2345PQR', 'Renault', 'Clio', '2017', 'Blanco', NULL);

--
-- Índices para tablas volcadas
--

--
-- Indices de la tabla `ausencia`
--
ALTER TABLE `ausencia`
  ADD PRIMARY KEY (`id`),
  ADD KEY `fk_ausencia_mecanico` (`id_mecanico`);

--
-- Indices de la tabla `cliente`
--
ALTER TABLE `cliente`
  ADD PRIMARY KEY (`id`),
  ADD UNIQUE KEY `id_usuario` (`id_usuario`),
  ADD UNIQUE KEY `nif` (`nif`);

--
-- Indices de la tabla `estacionamiento`
--
ALTER TABLE `estacionamiento`
  ADD PRIMARY KEY (`id`),
  ADD UNIQUE KEY `id_orden_trabajo` (`id_orden_trabajo`),
  ADD KEY `fk_estacionamiento_plaza` (`id_plaza`),
  ADD KEY `fk_estacionamiento_vehiculo` (`id_vehiculo`),
  ADD KEY `fk_estacionamiento_cliente` (`id_cliente`),
  ADD KEY `fk_estacionamiento_mecanico` (`id_mecanico`);

--
-- Indices de la tabla `historial_estado`
--
ALTER TABLE `historial_estado`
  ADD PRIMARY KEY (`id`),
  ADD KEY `fk_historial_orden` (`id_orden`),
  ADD KEY `fk_historial_usuario` (`id_usuario`);

--
-- Indices de la tabla `horario`
--
ALTER TABLE `horario`
  ADD PRIMARY KEY (`id`),
  ADD KEY `fk_horario_mecanico` (`id_mecanico`);

--
-- Indices de la tabla `mecanico`
--
ALTER TABLE `mecanico`
  ADD PRIMARY KEY (`id`),
  ADD UNIQUE KEY `id_usuario` (`id_usuario`),
  ADD UNIQUE KEY `num_empleado` (`num_empleado`);

--
-- Indices de la tabla `notificacion`
--
ALTER TABLE `notificacion`
  ADD PRIMARY KEY (`id`),
  ADD KEY `fk_notificacion_usuario` (`id_usuario`),
  ADD KEY `fk_notificacion_orden` (`id_orden`);

--
-- Indices de la tabla `orden_trabajo`
--
ALTER TABLE `orden_trabajo`
  ADD PRIMARY KEY (`id`),
  ADD KEY `fk_orden_vehiculo` (`id_vehiculo`),
  ADD KEY `fk_orden_mecanico` (`id_mecanico`);

--
-- Indices de la tabla `plaza`
--
ALTER TABLE `plaza`
  ADD PRIMARY KEY (`id`),
  ADD UNIQUE KEY `numero` (`numero`);

--
-- Indices de la tabla `servicio`
--
ALTER TABLE `servicio`
  ADD PRIMARY KEY (`id`),
  ADD KEY `fk_servicio_orden` (`id_orden`);

--
-- Indices de la tabla `usuario`
--
ALTER TABLE `usuario`
  ADD PRIMARY KEY (`id`),
  ADD UNIQUE KEY `email` (`email`);

--
-- Indices de la tabla `vehiculo`
--
ALTER TABLE `vehiculo`
  ADD PRIMARY KEY (`id`),
  ADD UNIQUE KEY `matricula` (`matricula`),
  ADD KEY `fk_vehiculo_cliente` (`id_cliente`);

--
-- AUTO_INCREMENT de las tablas volcadas
--

--
-- AUTO_INCREMENT de la tabla `ausencia`
--
ALTER TABLE `ausencia`
  MODIFY `id` int(11) NOT NULL AUTO_INCREMENT, AUTO_INCREMENT=12;

--
-- AUTO_INCREMENT de la tabla `cliente`
--
ALTER TABLE `cliente`
  MODIFY `id` int(11) NOT NULL AUTO_INCREMENT, AUTO_INCREMENT=8;

--
-- AUTO_INCREMENT de la tabla `estacionamiento`
--
ALTER TABLE `estacionamiento`
  MODIFY `id` int(11) NOT NULL AUTO_INCREMENT;

--
-- AUTO_INCREMENT de la tabla `historial_estado`
--
ALTER TABLE `historial_estado`
  MODIFY `id` int(11) NOT NULL AUTO_INCREMENT, AUTO_INCREMENT=51;

--
-- AUTO_INCREMENT de la tabla `horario`
--
ALTER TABLE `horario`
  MODIFY `id` int(11) NOT NULL AUTO_INCREMENT, AUTO_INCREMENT=31;

--
-- AUTO_INCREMENT de la tabla `mecanico`
--
ALTER TABLE `mecanico`
  MODIFY `id` int(11) NOT NULL AUTO_INCREMENT, AUTO_INCREMENT=9;

--
-- AUTO_INCREMENT de la tabla `notificacion`
--
ALTER TABLE `notificacion`
  MODIFY `id` int(11) NOT NULL AUTO_INCREMENT, AUTO_INCREMENT=25;

--
-- AUTO_INCREMENT de la tabla `orden_trabajo`
--
ALTER TABLE `orden_trabajo`
  MODIFY `id` int(11) NOT NULL AUTO_INCREMENT, AUTO_INCREMENT=11;

--
-- AUTO_INCREMENT de la tabla `plaza`
--
ALTER TABLE `plaza`
  MODIFY `id` int(11) NOT NULL AUTO_INCREMENT, AUTO_INCREMENT=15;

--
-- AUTO_INCREMENT de la tabla `servicio`
--
ALTER TABLE `servicio`
  MODIFY `id` int(11) NOT NULL AUTO_INCREMENT;

--
-- AUTO_INCREMENT de la tabla `usuario`
--
ALTER TABLE `usuario`
  MODIFY `id` int(11) NOT NULL AUTO_INCREMENT, AUTO_INCREMENT=51;

--
-- AUTO_INCREMENT de la tabla `vehiculo`
--
ALTER TABLE `vehiculo`
  MODIFY `id` int(11) NOT NULL AUTO_INCREMENT, AUTO_INCREMENT=8;

--
-- Restricciones para tablas volcadas
--

--
-- Filtros para la tabla `ausencia`
--
ALTER TABLE `ausencia`
  ADD CONSTRAINT `fk_ausencia_mecanico` FOREIGN KEY (`id_mecanico`) REFERENCES `mecanico` (`id`) ON DELETE CASCADE ON UPDATE CASCADE;

--
-- Filtros para la tabla `cliente`
--
ALTER TABLE `cliente`
  ADD CONSTRAINT `fk_cliente_usuario` FOREIGN KEY (`id_usuario`) REFERENCES `usuario` (`id`) ON DELETE CASCADE ON UPDATE CASCADE;

--
-- Filtros para la tabla `estacionamiento`
--
ALTER TABLE `estacionamiento`
  ADD CONSTRAINT `fk_estacionamiento_cliente` FOREIGN KEY (`id_cliente`) REFERENCES `cliente` (`id`) ON UPDATE CASCADE,
  ADD CONSTRAINT `fk_estacionamiento_mecanico` FOREIGN KEY (`id_mecanico`) REFERENCES `mecanico` (`id`) ON UPDATE CASCADE,
  ADD CONSTRAINT `fk_estacionamiento_orden` FOREIGN KEY (`id_orden_trabajo`) REFERENCES `orden_trabajo` (`id`) ON UPDATE CASCADE,
  ADD CONSTRAINT `fk_estacionamiento_plaza` FOREIGN KEY (`id_plaza`) REFERENCES `plaza` (`id`) ON UPDATE CASCADE,
  ADD CONSTRAINT `fk_estacionamiento_vehiculo` FOREIGN KEY (`id_vehiculo`) REFERENCES `vehiculo` (`id`) ON UPDATE CASCADE;

--
-- Filtros para la tabla `historial_estado`
--
ALTER TABLE `historial_estado`
  ADD CONSTRAINT `fk_historial_orden` FOREIGN KEY (`id_orden`) REFERENCES `orden_trabajo` (`id`) ON DELETE CASCADE ON UPDATE CASCADE,
  ADD CONSTRAINT `fk_historial_usuario` FOREIGN KEY (`id_usuario`) REFERENCES `usuario` (`id`) ON UPDATE CASCADE;

--
-- Filtros para la tabla `horario`
--
ALTER TABLE `horario`
  ADD CONSTRAINT `fk_horario_mecanico` FOREIGN KEY (`id_mecanico`) REFERENCES `mecanico` (`id`) ON DELETE CASCADE ON UPDATE CASCADE;

--
-- Filtros para la tabla `mecanico`
--
ALTER TABLE `mecanico`
  ADD CONSTRAINT `fk_mecanico_usuario` FOREIGN KEY (`id_usuario`) REFERENCES `usuario` (`id`) ON DELETE CASCADE ON UPDATE CASCADE;

--
-- Filtros para la tabla `notificacion`
--
ALTER TABLE `notificacion`
  ADD CONSTRAINT `fk_notificacion_orden` FOREIGN KEY (`id_orden`) REFERENCES `orden_trabajo` (`id`) ON DELETE SET NULL ON UPDATE CASCADE,
  ADD CONSTRAINT `fk_notificacion_usuario` FOREIGN KEY (`id_usuario`) REFERENCES `usuario` (`id`) ON DELETE CASCADE ON UPDATE CASCADE;

--
-- Filtros para la tabla `orden_trabajo`
--
ALTER TABLE `orden_trabajo`
  ADD CONSTRAINT `fk_orden_mecanico` FOREIGN KEY (`id_mecanico`) REFERENCES `mecanico` (`id`) ON UPDATE CASCADE,
  ADD CONSTRAINT `fk_orden_vehiculo` FOREIGN KEY (`id_vehiculo`) REFERENCES `vehiculo` (`id`) ON UPDATE CASCADE;

--
-- Filtros para la tabla `servicio`
--
ALTER TABLE `servicio`
  ADD CONSTRAINT `fk_servicio_orden` FOREIGN KEY (`id_orden`) REFERENCES `orden_trabajo` (`id`) ON DELETE CASCADE ON UPDATE CASCADE;

--
-- Filtros para la tabla `vehiculo`
--
ALTER TABLE `vehiculo`
  ADD CONSTRAINT `fk_vehiculo_cliente` FOREIGN KEY (`id_cliente`) REFERENCES `cliente` (`id`) ON UPDATE CASCADE;
COMMIT;

/*!40101 SET CHARACTER_SET_CLIENT=@OLD_CHARACTER_SET_CLIENT */;
/*!40101 SET CHARACTER_SET_RESULTS=@OLD_CHARACTER_SET_RESULTS */;
/*!40101 SET COLLATION_CONNECTION=@OLD_COLLATION_CONNECTION */;
